perspective,outcome,target,ols_rmse,ssm_rmse,rmse_diff,rmse_ratio_ssm_vs_ols,dm_mse_stat,dm_mse_p,dm_mae_stat,dm_mae_p,ssm_snr,oos_rmse_winner
attack,hold,self,165.17566722617363,164.70129978180006,-0.4743674443735699,0.9971281033560226,-251.37539513201176,1.0,-2543.779769076611,1.0,1.401063697339817e-09,SSM
attack,xG,self,0.1636769352597398,0.1496838730859752,-0.0139930621737646,0.9145080389514934,-16.288420429039867,1.0,26.14402755204631,0.0,9.198766038152598e-06,SSM
attack,xT,self,0.138633212643009,0.1174515903257558,-0.0211816223172531,0.8472110548877094,-28.44784446633947,1.0,-12.001697855418584,1.0,0.0734501403665952,SSM
defense,hold,self+opp,158.6366492538816,158.17446647308552,-0.4621827807960983,0.9970865321287996,-293.5706953546704,1.0,-1015.561833636976,1.0,1.3689494921335988e-07,SSM
defense,xG,self+opp,0.1485001176462511,0.1359020064044394,-0.0125981112418117,0.9151643012713145,-20.480487142834125,1.0,38.34361849491148,0.0,0.0099232840325564,SSM
defense,xT,self+opp,0.1273024601808774,0.0997266078316606,-0.0275758523492168,0.7833831937730369,-37.1830091890364,1.0,-11.862442380438758,1.0,0.0207401509822984,SSM
